{"metadata":{"version":4.3,"type":"Object","generator":"ObjectExporter"},"geometries":[{"uuid":"b4ac8216-45e1-4e38-ad5f-362900e183a2","type":"Geometry","data":{"vertices":[],"normals":[],"faces":[]}}],"materials":[{"uuid":"46229E77-397F-4408-9325-956DE3F0080B","type":"MeshBasicMaterial","color":6162333,"opacity":1,"transparent":false,"wireframe":false}],"object":{"uuid":"0FCB1BEE-EE88-46AE-98E6-EDDA08B3E831","type":"Scene","matrix":[1,0,0,0,0,1,0,0,0,0,1,0,0,0,0,1],"children":[{"uuid":"907a7d49-56ed-4400-8056-0070e6911084","name":"chair_root","type":"Mesh","geometry":"b4ac8216-45e1-4e38-ad5f-362900e183a2","material":"46229E77-397F-4408-9325-956DE3F0080B","castShadow":false,"receiveShadow":false,"matrix":[0.009999999776482582,0,0,0,0,0.009999999776482582,0,0,0,0,0.009999999776482582,0,0,0,0,1]}]},"images":[],"textures":[]}